feature,count0@False,count1@False,count0@True,count1@True,PresenceTrue,PresenceFalse,AbsenceTrue,AbsenceFalse
langevin,7123,1.0,2289,9.0,9.0,0.1111111111111111,0.3213533623473256,3.1118392311052863
svrg,7123,1.0,2289,9.0,9.0,0.1111111111111111,0.3213533623473256,3.1118392311052863
penalized,7123,1.0,2289,9.0,9.0,0.1111111111111111,0.3213533623473256,3.1118392311052863
identifiability,7123,1.0,2290,8.0,8.0,0.125,0.32149375263231783,3.110480349344978
nonconvex,7122,2.0,2283,15.0,7.5,0.13333333333333333,0.3205560235888795,3.1195795006570304
sdca,7123,1.0,2291,7.0,7.0,0.14285714285714285,0.32163414291731013,3.1091226538629417
dpp,7123,1.0,2291,7.0,7.0,0.14285714285714285,0.32163414291731013,3.1091226538629417
nonsmooth,7123,1.0,2292,6.0,6.0,0.16666666666666666,0.3217745332023024,3.107766143106457
iterate,7123,1.0,2292,6.0,6.0,0.16666666666666666,0.3217745332023024,3.107766143106457
